coef,X.Intercept.,SexM,Age,I.Age.2.,wui_60_100,pasture_60,BBA_60,lag_beechnuts,BBA_60.lag_beechnuts
param_est,1.2877022163711325,0.644714842215792,0.92231884740937,-0.3379913447687389,0.0738758348012839,-0.18333753320731908,-0.020633141359929642,0.1263392159147949,0.06281020211508663
std_error,0.2066700403024473,0.3014915590376027,0.19699881149625822,0.09531963914648334,0.15996412630207313,0.15533515741250015,0.17887611681494164,0.13274843322714125,0.13941704787631906
z-score,6.2314532231569615,2.1383905072177507,4.681575353111176,-3.545927142499805,0.4362589751184348,-1.1835651068123874,-0.12192936959986908,0.9518224290092437,0.44805958432030957
2.5CI,0.8826363806948945,0.05380224485925935,0.5362082718795088,-0.52481440451520045,-0.23964809156919578,-0.48778884726867927,-0.3712238880115947,-0.1338429322145221,-0.21044219055339508
97.5CI,1.6927680520473707,1.2356274395723246,1.3084294229392313,-0.15116828502227733,0.38739976117176356,0.12111378085404113,0.32995760529173546,0.3865213640441119,0.33606259478356837
