coef,X.Intercept.,SexM,Age,I.Age.2.,mix_60_250,pasture_30,BBA_15,lag_beechnuts,BBA_15.lag_beechnuts
param_est,1.3226872266648193,0.6581453164577191,0.9803018848832016,-0.35900518801797265,0.31446420651023455,-0.09688504730126055,0.07320682021672521,0.08715858385806612,-0.07241195228675786
std_error,0.21077480615337843,0.3036145739679095,0.19876216045709058,0.09702711130478649,0.15832151742108624,0.15867224998890442,0.17766107919157045,0.13403455026010533,0.13854404326126993
z-score,6.275942169978646,2.167393303184444,4.93106706958513,-3.699594657056709,1.9697132261923023,-0.612635192690766,0.39344425871930133,0.6503580959359769,-0.5250859150229659
2.5CI,0.9095761977557864,0.06307168629914443,0.5907352088979329,-0.5491748316993132,0.004159734387174883,-0.40787694262544916,-0.2750024964532712,-0.175544307335764,-0.34395328735140607
97.5CI,1.7357982555738525,1.2532189466162937,1.3698685608684702,-0.16883554433663206,0.6247686786332942,0.21410684802292804,0.42141613688672164,0.34986147505189624,0.19912938277789033
