RE,variance
RE_WMU,7.0304431924919735
RE_year,1.0949520301571176
