coef,X.Intercept.,SexM,catAgejuvenile,catAgesubadult,pasture_30,mix_30_100,laggedBMI_30,SexM.catAgejuvenile,SexM.catAgesubadult
param_est,-0.3512471505871003,0.3200153553242392,-0.6593796127361359,0.2176518156661379,0.04166567435387063,0.43737909845957795,0.5073881818937009,0.42500175224567527,0.8682481827235193
std_error,0.374262642931165,0.4935505243602134,0.3316220176494248,0.6319366051766978,0.13436485243726282,0.3805797737624922,0.18345622181891913,0.5884723797168431,1.0464141357973555
2.5CI,-1.096625519615147,-0.6661844575493833,-1.3113934965675462,-1.0837316705110152,-0.22497264408094114,-0.3162069736623652,0.15119375099457238,-0.7251317355423329,-1.1389395164029463
97.5CI,0.3764953902751923,1.2840291370841328,-0.006798023715872192,1.4402865315259938,0.3036602183727313,1.1848310303658751,0.8743393857603323,1.591763137860271,3.015104383913515
P-value,1.0089975055792064e-6,1.0535238420749818e-10,1.411712031899993e-16,8.06118044171683e-10,0.008121657462216303,5.673439284604062e-6,9.279687846523156e-10,6.161345572976703e-12,5.866275245455581e-14
