coef,X.Intercept.,SexM,Age,I.Age.2.,wui_60_100,pasture_60,BBA_60,lag_beechnuts,BBA_60.lag_beechnuts
param_est,-0.7233239009426732,0.2804508035674928,0.5792069331498781,-0.2764870726484204,-0.014024676434466336,-0.026073259707525713,-0.2024253129426748,0.3807028792688724,0.20292489683264892
std_error,0.20386138714352095,0.2697668838658946,0.19082274092914647,0.12334394454134669,0.15393223060722908,0.15287211106620888,0.17540849315000118,0.13467176180840146,0.1436723869762854
z-score,-3.548191693002855,1.0393881571170103,3.0351788728782823,-2.241575011486997,-0.09153137354378907,-0.17275091202217197,-1.1525580781930767,2.8259508127222865,1.4033363706307127
2.5CI,-1.122884877582351,-0.2482825730312599,0.20520123349753386,-0.5182367616605656,-0.3157263044845494,-0.32569709163790206,-0.5462196420991178,0.11675107638984886,-0.0786678072137719
97.5CI,-0.3237629243029954,0.8091841801662455,0.9532126328022223,-0.03473738363627513,0.28767695161561674,0.2735505722228506,0.14136901621376824,0.6446546821478959,0.48451760087906975
