coef,X.Intercept.,SexM,Age,wui_60_100,pasture_60,laggedBMI_30
param_est,-0.9354089494277563,0.31504916037165,0.2485183536471407,0.1079651145434188,0.11619846586491621,0.25597804981025396
std_error,0.1751674609396068,0.26582532555879107,0.13281841751796294,0.1422923965523155,0.14146272615886066,0.13162744276661714
z-score,-5.34022653565675,1.18517480380876,1.871009792526082,0.755938920022111,0.8203337269896156,1.941985241849215
2.5CI,-1.2787308641327122,-0.2059589039022151,-0.011800961171670381,-0.17092285797301085,-0.1610633825613028,-0.00200699738942286
97.5CI,-0.5920870347228004,0.8360572246455151,0.5088376684659518,0.38685308705984844,0.3934603142911352,0.5139630970099307
