coef,X.Intercept.,SexM,Age,I.Age.2.,wui_60_100,pasture_60,laggedBMI_30
param_est,-0.6765543462975877,0.3142524884861096,0.5789719926473087,-0.286646247699791,0.1211114985363464,0.11075696561955552,0.2793162025413583
std_error,0.20957008036450098,0.2704291806875008,0.1901810341034776,0.1252760647638998,0.14605791309121302,0.14515823407554632,0.13464361615634615
z-score,-3.2282658900633305,1.1620399123549763,3.0442446764479,-2.28805182574884,0.8277301005159925,0.7620189082332461,2.072109670514835
2.5CI,-1.0873041560491743,-0.2157789660300666,0.20622401526190892,-0.532182822761942,-0.1651567507795123,-0.17374794522795003,0.015419564126684568
97.5CI,-0.2658045365460011,0.8442839430022857,0.9517199700327084,-0.04110967263764018,0.4073797478522051,0.39526187646706107,0.5432128409560321
