RE,variance
RE_WMU,0.2466428241219717
RE_year,0.40996911487535675
