coef,X.Intercept.,SexM,Age,I.Age.2.,mix_60_250,pasture_30,BBA_15,lag_beechnuts,BBA_15.lag_beechnuts
param_est,-0.7241873300754986,0.27349609377478906,0.5913805481657569,-0.2915977416668782,0.38369269978720555,0.08769959470714948,0.1775699219967654,0.32761752718219367,-8.54328141980119e-4
std_error,0.19547957933716742,0.26759286547175987,0.18816366499921164,0.12333486823934184,0.1406918548199688,0.1506170053949137,0.16045577688295254,0.1305066605377534,0.13499995807852094
z-score,-3.7084180119449246,1.0218625332760451,3.1436809858291266,-2.3640528283506437,2.7270771686838686,0.5966924970651785,1.0989553795003795,2.5105911334535826,-0.020872718541478544
2.5CI,-1.1073202652893868,-0.2509762850697319,0.22258654156824226,-0.5333296414539811,0.10794173142192877,-0.20750431132615635,-0.13691762180521605,0.07182917278560234,-0.26544938389029826
97.5CI,-0.3410543948616105,0.79796847261931,0.9601745547632716,-0.049865841879775274,0.6594436681524823,0.3829035007404553,0.4920574657987469,0.583405881578785,0.263740727606338
