coef,X.Intercept.,SexM,Age,I.Age.2.,nbuildings_60,dcad_15,pasture_60,BBA_15,lag_beechnuts,nbuildings_60.dcad_15,BBA_15.lag_beechnuts
param_est,-0.6554837819738835,0.25353487298434424,0.5935843335178932,-0.28417211195503994,0.11174920281420479,-0.2475851291613258,0.017162389250422752,-0.3186464300591833,0.36414601678019665,-0.18050002065174267,0.23088182700968404
std_error,0.208579304435213,0.27031774168292777,0.1919666971055011,0.12409051734875295,0.17772086875305204,0.19777668738912518,0.15951357339110184,0.19129933766559154,0.13538687491669787,0.15857137816318218,0.14930421347073244
z-score,-3.1441799908180132,0.9377018449573116,3.0919065904159067,-2.290146939839141,0.6306672765055042,-1.2302771792607847,0.10514663039429796,-1.6602965681849657,2.689196305005321,-1.1136688028669632,1.5336050347820596
2.5CI,-1.0642917065873163,-0.27627816509639574,0.21733652096000172,-0.5273850567815385,-0.23657729924294701,-0.6352203134256482,-0.2954784696414235,-0.6935862421501093,0.09879261796403963,-0.4912942108304608,-0.061749054133031445
97.5CI,-0.24667585736045045,0.7833479110650843,0.9698321460757847,-0.04095916712854143,0.46007570487135657,0.14005005510299653,0.329803248142269,0.05629338203174264,0.6294994155963536,0.1302941695269755,0.5235127081523996
