coef,X.Intercept.,SexM,Age,totalag_60,mix_15_100,laggedBMI_30,SexM.Age
param_est,-2.1924115685822083,-0.27658872508211874,-0.16194925271182062,0.09360575547305579,-0.21269689088723415,-0.731460634552298,0.7062595240426143
std_error,0.6829265277750731,0.19366549393124202,0.10621686795587451,0.12003995752374945,0.33432878905896996,0.2316308514478658,0.2048501564053189
2.5CI,-3.530922967108344,-0.6561661182355134,-0.3701304884559812,-0.14166823797921096,-0.8679692764377039,-1.1854487610984623,0.3047605952607922
97.5CI,-0.8539001700560724,0.102988668071276,0.04623198303233993,0.3288797489253225,0.44257549466323565,-0.27747250800613377,1.1077584528244362
