coef,X.Intercept.,SexM,catAgejuvenile,catAgesubadult,pasture_30,mix_30_100,laggedBMI_30,SexM.catAgejuvenile,SexM.catAgesubadult
param_est,-0.21929912500219137,0.8624066659891325,-0.1611224912613597,-0.8806277501565098,-0.011256960187335466,0.8280256230400609,0.2598138106681497,-0.942237177267622,0.7846034639729426
std_error,0.3964906537107825,0.5037239999150948,0.34920150680050926,0.8378885799669183,0.14640977822416618,0.39592205564949356,0.18842887142251794,0.6008553159986848,1.1757497874368577
2.5CI,-0.9964065264820672,-0.1248742319929102,-0.8455448679374764,-2.522859189949078,-0.2982148524911978,0.05203265328199066,-0.10949999096751396,-2.1198919565444774,-1.519823774233922
97.5CI,0.5578082764776845,1.8496875639711752,0.523299885414757,0.7616036896360587,0.27570093211652685,1.604018592798131,0.6291276123038134,0.23541760200923326,3.0890307021798074
P-value,0.0014258898128559963,1.0095404662289068e-13,2.370655630513535e-9,6.688485765901953e-15,0.5567345348721408,9.477091430292385e-7,1.0627210378666538e-6,1.926905519951668e-15,1.7552731173357472e-12
