RE,variance
RE_WMU,5.2023118521909915
RE_year,0.8708394761976462
