coef,X.Intercept.,SexM,catAgejuvenile,catAgesubadult,laggedBMI_30,mix_30_100,pasture_30,SexM.catAgejuvenile,SexM.catAgesubadult
param_est,1.2399486375828126,0.431718111313298,-1.0387152092936,-0.03817409910752424,-0.05009690870241705,0.45851932290860925,-0.10816007289163454,-0.1616891733543222,1.0365891854081795
std_error,0.419455924974587,0.5862445301401195,0.3401220861440283,0.6836598016605346,0.18422471571429663,0.40083767231502243,0.13674260441904793,0.6598559840425521,1.3915670605794999
2.5CI,0.4178301315306874,-0.717300053894942,-1.7053422484825251,-1.3781226880399684,-0.4111707165645685,-0.3271080784757025,-0.3761706527051761,-1.4549831370609605,-1.6908321353999072
97.5CI,2.062067143634938,1.580736276521538,-0.37208817010467493,1.30177448982492,0.3109768991597344,1.244146724292921,0.159850506921907,1.1316047903523163,3.764010506216266
P-value,1.662555869108517e-10,1.6364806578236475e-11,7.682090987108645e-18,0.002355945147740998,0.0074203781942268916,1.2043539848720041e-5,2.805173845391813e-4,6.873484733069167e-8,5.457035586885153e-13
