coef,X.Intercept.,SexM,catAgejuvenile,catAgesubadult,laggedBMI_30,mix_30_100,pasture_30,SexM.catAgejuvenile,SexM.catAgesubadult
param_est,1.4216119806356349,0.12776068033452315,-1.3743698168772682,-0.06185537244373952,0.041741423380411063,0.32240700561229546,-0.08215055321998052,-0.011671451576573698,0.7688842555798718
std_error,0.5842894545498398,0.6143929893134951,0.3760511108925773,0.7120348065953394,0.2632622790378293,0.4278298676212864,0.14667851609359203,0.6862517229786068,1.4067791849064128
2.5CI,NA,0.27642569317139615,-1.0764274510738292,-2.1114164505729973,-1.4574179491095474,-0.4742431620216683,-0.5161241264359646,-0.36963516206919955,-1.356700112943201
97.5CI,NA,2.5667982680998733,1.3319488117428755,-0.6373231831815388,1.3337072042220681,0.5577260087824903,1.1609381376605554,0.2053340556292385,1.3333572097900535
P-value,9.327365405585514e-10,4.207953561327545e-8,1.8857795998209542e-19,4.923126233206706e-6,0.23341542095923531,0.0011088788946631899,0.002644567735523258,0.18552848321121185,3.514344501126159e-14
