coef,X.Intercept.,SexM,Age,wui_60_100,pasture_60,laggedBMI_30
param_est,0.9121847831439819,0.6446329890748337,0.5412068515537634,0.09478798946389068,-0.13027904044685085,0.09021673674469113
std_error,0.16306378404566024,0.2910157305009286,0.15914808786114082,0.14382182342203267,0.1387767788217136,0.14114351748238604
2.5CI,0.5925856392316707,0.07425263835839917,0.2292823311375112,-0.18709760463417252,-0.4022765288278904,-0.18641947417208493
97.5CI,1.231783927056293,1.2150133397912681,0.8531313719700154,0.37667358356195385,0.1417184479341887,0.3668529476614672
