coef,Intercept,SexM,Age,I.Age.2.,mix_15_100,pasture_15,BBA_15,lag_beechnuts,BBA_15.lag_beechnuts
param_est,-0.7328850090330551,0.31701762372220393,0.5844941486483151,-0.2865087895536389,0.33555488397238653,0.12813981948571432,0.16701239917628277,0.3249998182779039,-0.002892582357272344
std_error,0.19859833969485888,0.27216007803059084,0.1905866339162903,0.12417301118518144,0.1375231856131376,0.15391766964404918,0.16247650152169557,0.13150151284564765,0.13508480700271386
z-score,-3.6932252333971918,1.1646075620455683,3.0668460625621434,-2.3066122211156137,2.420845814560906,0.8466821370737118,1.0208025934929752,2.4715624552612594,-0.03765459175351461
2.5CI,-0.7543861209992025,0.28780933411053256,0.5640747375044929,-0.29984743430343924,0.316446799079682,0.10646375200618781,0.14763124895074606,0.3109225521448329,-0.01948816142159861
97.5CI,-0.7113838970669076,0.3462259133338753,0.6049135597921372,-0.27317014480383855,0.3546629688650911,0.14981588696524084,0.18639354940181949,0.33907708441097495,0.013702996707053921
2.5CIavg,-1.1221306022244297,-0.2164063272473648,0.21095121023766622,-0.5298834193284837,0.06601439313142005,-0.17353326960095597,-0.15143569214030775,0.06726158918790327,-0.26765393894113554
97.5CIavg,-0.3436394158416804,0.8504415746917726,0.9580370870589641,-0.04313415977879402,0.6050953748133531,0.4298129085723846,0.48546049049287326,0.5827380473679046,0.26186877422659083
