coef,X.Intercept.,SexM,Age,wui_60_100,pasture_60,laggedBMI_30,ai_60
param_est,-0.9336404955789561,0.3160359583189775,0.24832360605841056,0.11828975889069525,0.14305657549358514,0.23986353216675038,0.06819114763842656
std_error,0.17622090213876596,0.26627719100265734,0.13285710520891417,0.1460897810774216,0.15633312327095195,0.13831212330231518,0.17402335240154448
2.5CI,-1.2790271170940946,-0.2058577459507237,-0.012071535241309942,-0.1680409505303921,-0.16335071570814122,-0.031223248131050468,-0.27288835553752244
97.5CI,-0.5882538740638175,0.8379296625886787,0.508718747358131,0.4046204683117826,0.44946386669531146,0.5109503124645512,0.4092706508143756
