coef,X.Intercept.,SexM,Age,pasture_30,mix_30_100,laggedBMI_30,SexM.Age
param_est,-0.552967554409557,0.22389907456922756,0.13140209410749135,-0.06016698351084257,0.6542659035621048,0.0596773325729595,0.493600527366629
std_error,0.414213980973655,0.2776159098479633,0.15573945870523753,0.15109093994028475,0.41534938718324993,0.25679964525107085,0.29343035718923965
2.5CI,-1.36481203901088,-0.32021811026809893,-0.17384163592653715,-0.356299784184105,-0.1598039363178472,-0.4436407233618016,-0.08151240469500433
97.5CI,0.2588769301917657,0.768016259406554,0.4366458241415198,0.23596581716241988,1.468335743442057,0.5629953885077206,1.0687134594282623
P-value,6.352570916943551e-6,1.2883676131758026e-10,6.757783641588386e-13,0.01704577291672444,1.943337350927622e-5,0.17438129669073782,4.572283946933241e-15
