coef,Intercept,SexM,Age,I.Age.2.,mix_15_100,pasture_15,BBA_15,lag_beechnuts,BBA_15.lag_beechnuts
param_est,1.2921414234350004,0.7181807647066173,0.9617400968278544,-0.347090466636826,0.21570580011288198,-0.057651913090026596,0.05225666008042242,0.09479812629533378,-0.05582911375474386
std_error,0.2106239847976654,0.30791108915326765,0.19786628706436116,0.09653315428996695,0.1562105695771385,0.1582434446205891,0.17791526744288594,0.1345534262038306,0.1413697016352742
z-score,6.135655612538662,2.332166454824704,4.860217101128746,-3.595518614698236,1.3827094579896428,-0.3632084006225025,0.283837349050711,0.704585808131086,-0.4042275897208652
2.5CI,1.2696310615299184,0.6852426212441313,0.94053000319076,-0.357415014771741,0.196386669546753,-0.0754439158867119,0.03102025271125035,0.08042375324197265,-0.07271678509479564
97.5CI,1.3146517853400823,0.7511189081691033,0.9829501904649489,-0.33676591850191107,0.23502493067901098,-0.039859910293341294,0.0734930674495945,0.10917249934869491,-0.03894144241469208
2.5CIavg,0.8793259989512645,0.1146861195257111,0.573929300427043,-0.5362919723592094,-0.09046129026279766,-0.3678033653359397,-0.29645085640744556,-0.1689217430606421,-0.33290863746505445
97.5CIavg,1.7049568479187365,1.3216754098875234,1.3495508932286657,-0.1578889609144426,0.5218728904885617,0.2524995391558865,0.4009641765682904,0.35851799565130965,0.22125040995556672
