coef,X.Intercept.,SexM,catAgejuvenile,catAgesubadult,pasture_60,I.pasture_60.2.,mix_60_500,I.mix_60_500.2.,face_15_250
param_est,0.7651977833046726,0.3342269326353233,-0.940165408017852,0.46108268757041465,-0.05076708227462083,-0.03915040314444501,0.25892345582984244,-0.07695263890381264,-0.15491521016871657
std_error,0.2923016142442658,0.24736395602268713,0.266864766905992,0.5759454948604747,0.2029498872463815,0.12797055853567185,0.22189836407025154,0.0948057377988562,0.13707039337738877
2.5CI,0.2011602039256253,-0.1474404119516968,-1.474534728952957,-0.6113845566661104,-0.4499544951584513,-0.2967444717727218,-0.17591271444377826,-0.26336155605065115,-0.4267078126658005
97.5CI,1.3509387504999593,0.8239125392026821,-0.4257732453015921,1.6849693242457677,0.3480187185269846,0.2107332664300873,0.6965229611909414,0.11032946834460876,0.11394608347248375
P-value,1.0945597016321474e-9,3.056241361545495e-12,2.955101983000338e-17,1.9707822220422893e-7,0.056896886937944924,0.20887415837125292,5.967725533864034e-4,0.008869356412276956,3.6352585279181754e-4
