coef,X.Intercept.,SexM,Age,laggedBMI_30,mix_30_100,pasture_30,SexM.Age
param_est,0.5009253718613725,0.31938949123726035,0.6738505065206565,0.04320051639454092,0.28807105039892,-0.09430177934469249,0.3908847455772199
std_error,0.5142939128562225,0.29840700823091904,0.1702770021950077,0.26521759437398396,0.4276673524114792,0.1452570266361048,0.35660877204602826
2.5CI,-0.5070721748050043,-0.26547749762968825,0.34011371482299374,-0.47661641664482035,-0.550141557691178,-0.37900032005283313,-0.30805560420404937
97.5CI,1.5089229185277493,0.904256480104209,1.0075872982183192,0.5630174494339022,1.126283658489018,0.19039676136344816,1.0898250953584891
P-value,4.575873229287132e-6,8.275073811458651e-14,2.1317055121811903e-19,0.2199238220190115,0.0017556048020048241,4.424543136982179e-4,1.0687480093580378e-14
