coef,X.Intercept.,SexM,Age,totalag_60,mix_15_100,laggedBMI_30,SexM.Age
param_est,0.9864366751341747,0.2875063924726736,1.2238455409827904,0.04449153053510652,-0.21236232873718183,-0.06853598609977979,-0.033582852813167356
std_error,0.7512556649437604,0.1707144792983377,0.10364545001207463,0.10321193964739266,0.28888783367294246,0.16532406129850455,0.2025643471581689
2.5CI,-0.4859973713372854,-0.0470878385915768,1.0207041917976778,-0.1578001539483047,-0.7785720783079464,-0.39256519202274087,-0.43060167779504677
97.5CI,2.458870721605635,0.622100623536924,1.4269868901679033,0.24678321501851777,0.3538474208335828,0.2554932198231813,0.3634359721687121
