coef,X.Intercept.,SexM,catAgejuvenile,catAgesubadult,pasture_60,mix_60_500,I.mix_60_500.2.,SexM.catAgejuvenile,SexM.catAgesubadult
param_est,-0.9304016123205986,0.9086130130075163,-0.168987078784439,-0.6984418829679075,-0.15631782883807527,0.3649261808024252,-0.11036803783459498,-0.921812063839237,0.5830826964325251
std_error,0.31858160709805583,0.5077712513670254,0.3353879441236923,0.8397935919850629,0.15505827431073968,0.23053145305420572,0.10370422790794656,0.6024302666203751,1.1764218596709777
2.5CI,-1.554810088369678,-0.08660035205668795,-0.8263353701158079,-2.3444070777061556,-0.46022646199205725,-0.08690716448750417,-0.31362458957870376,-2.102553689612034,-1.722661779148224
97.5CI,-0.3059931362715193,1.9038263780717206,0.4883612125469299,0.9475233117703403,0.1475908043159067,0.8167595260923546,0.09288851390951378,0.2589295619335603,2.8888271720132743
P-value,7.528697244269854e-11,1.7096864188920107e-11,5.127972205456826e-9,5.245721402654765e-10,3.309368108570334e-5,5.778162982410622e-6,0.0011551303658146098,1.5967793705890486e-11,8.587219793731956e-7
