RE,variance
RE_WMU,0.1267872118006769
RE_year,0.16098321705355323
