coef,X.Intercept.,SexM,Age,I.Age.2.,nbuildings_60,dcad_15,pasture_60,BBA_15,lag_beechnuts,nbuildings_60.dcad_15,BBA_15.lag_beechnuts
param_est,1.2947421804030883,0.6520149126729976,0.9268503119353848,-0.34075561776144725,0.14338585135538773,0.05122913329902613,-0.21342114875614843,-0.021413564301687758,0.13537203326362424,0.010631244266578565,0.07030005391737235
std_error,0.2175105080481237,0.3034592051839497,0.1982093118147956,0.09606074025929988,0.21678311252205076,0.20910832671259122,0.16429773420807306,0.19370764365851684,0.13427741471857407,0.1499076231550025,0.14208722198916043
z-score,5.954241699887901,2.14850659690466,4.6760057450856625,-3.5473916124086973,0.5790513804508993,0.23863387534310115,-1.3015074476815862,-0.11852033418952278,1.0077127215697665,0.04743327395433522,0.4969865094243357
2.5CI,0.8684294183697564,0.057245799735305844,0.538367199377916,-0.5290312089979318,-0.2815012416443257,-0.3586156559250875,-0.5354387905455059,-0.4010735694024993,-0.1278068635219295,-0.28318229812522894,-0.20818578384472966
97.5CI,1.7210549424364203,1.2467840256106895,1.3153334244928534,-0.15248002652496273,0.5682729443551011,0.4610739225231398,0.10859649303320909,0.35824644079912377,0.39855093004917796,0.30444478665838604,0.3487858916794744
