coef,X.Intercept.,SexM,Age,I.Age.2.,wui_60_100,pasture_60,BBA_60,lag_beechnuts,BBA_60.lag_beechnuts
param_est,0.6122484434275418,0.47272450003737615,1.0890301304841592,-0.3294583021044891,0.10741743026590383,-0.0622244807210676,-0.11301183896872188,0.036622510300262784,0.02042703348704928
std_error,0.20466961519112156,0.2712802202646982,0.19198661387345317,0.09335972858414479,0.15981176010452108,0.16317846086820323,0.16777600303415283,0.12692232879005264,0.12561308193436058
z-score,2.992627582461763,1.7426133083976592,5.672147810962848,-3.5290105993612415,0.675826276676719,-0.3619400846243106,-0.6714847376538127,0.2887942386058872,0.16237850313653637
2.5CI,0.21110336892327172,-0.05897496139952516,0.7127432817783931,-0.5124400077358475,-0.20580786384491248,-0.38204838707542443,-0.44184676238574416,-0.21214068296219152,-0.2257700830913763
97.5CI,1.0133935179318119,1.0044239614742776,1.4653169791899252,-0.14647659647313074,0.4206427243767202,0.25759942563328925,0.21582308444830042,0.2853857035627171,0.26662415006547485
