coef,X.Intercept.,SexM,catAgejuvenile,catAgesubadult,laggedBMI_30,mix_30_100,pasture_30,SexM.catAgejuvenile,SexM.catAgesubadult
param_est,0.4648507833695288,0.5482992008732929,-1.5114632912764883,-1.0604991075083035,0.17828144304020704,0.2310019087353577,-0.16475797332501968,-0.32596964915724025,1.5567079545300946
std_error,0.36999392728554475,0.5120868773219817,0.31412003876196026,0.6531579689466773,0.18375979423282854,0.3858020582561335,0.13505825566464189,0.6068956499436219,1.138483031165944
2.5CI,-0.2635667082466555,-0.42608672225019284,-2.137818246181401,-2.450290782320612,-0.18436288411017326,-0.539329804235909,-0.434178740692554,-1.5546445302157825,-0.5812908922986008
97.5CI,1.1925848085811732,1.6050309618720058,-0.9036821386387024,0.17102225160327456,0.5398715602426991,0.9818726386666423,0.09713818954962546,0.8404365351991067,3.9831119728008004
P-value,3.9672842456630646e-7,1.1336741248672471e-12,2.4836835884425673e-19,3.917379380254131e-17,6.39090722132305e-7,6.49297113700737e-4,5.200990451984791e-6,2.7689944297369464e-10,1.5592656019741979e-13
