coef,X.Intercept.,SexM,Age,I.Age.2.,wui_60_100,pasture_60,laggedBMI_30
param_est,0.6113468215190319,0.4763686071769927,1.0785945435155362,-0.3292095368736584,0.15627125046237444,-0.013115099588605112,0.00287271138787515
std_error,0.20338184758188155,0.2689500684856955,0.19106212238366005,0.09331747617276363,0.14566471994351265,0.1493317585927577,0.13262122776479002
z-score,3.006836468335413,1.7712743226112262,5.645087536425866,-3.527902751169129,1.0694240307353164,-0.07329175530756452,0.022146853217035967
2.5CI,0.21272572514932941,-0.05076384069455142,0.7041196648337784,-0.5121084293004496,-0.12922635444502362,-0.3057999681784399,-0.2570601186165967
97.5CI,1.0099679178887342,1.0035010550485368,1.453069422197294,-0.14631064444686706,0.4417688553697725,0.2795697690012297,0.26280554139234696
