coef,X.Intercept.,SexM,catAgejuvenile,catAgesubadult,pasture_60,I.pasture_60.2.,mix_60_500,I.mix_60_500.2.,face_15_250
param_est,1.0370734614565589,0.1219144542293341,-1.2201197080102864,0.3482176808752131,2.39622005727644e-4,-0.033448597219604054,0.20922220226381,-0.07808009782586788,-0.20834911785714585
std_error,0.4724206651325385,0.25978981992928507,0.2881932988623575,0.5905136672218283,0.20916123403003728,0.13255364199530714,0.2286003789753538,0.09755958331933802,0.14294985881286296
2.5CI,0.11114597224432632,-0.3872642363822105,-1.784968194366295,-0.8091678392582409,-0.40970886365509884,-0.293248961550022,-0.23882630738009072,-0.26929336747850496,-0.48852569272544283
97.5CI,1.9630009506687913,0.6310931448408788,-0.6552712216542775,1.505603201008667,0.41018810766655417,0.2263517671108139,0.6572707119077107,0.11313317182676921,0.07182745701115112
P-value,6.344258349491355e-11,2.7175523595494256e-8,1.280674718865035e-18,2.2036023273828873e-6,0.9912712155385974,0.2709352290787551,0.0024844754985333365,0.00986972810749185,6.40460404554902e-5
