coef,X.Intercept.,SexM,Age,I.Age.2.,nbuildings_60,dcad_15,pasture_60,BBA_15,lag_beechnuts,nbuildings_60.dcad_15,BBA_15.lag_beechnuts
param_est,0.7238009249946631,0.4759303135097661,1.1258318649954362,-0.33919595704826183,0.47629172020721106,-0.4450374942456719,0.02972473851378994,-0.25656026015603245,0.007997247198029028,-0.17539544644544913,0.0513240837127604
std_error,0.21474092372598777,0.27630057459371543,0.19262008081381865,0.09467394696718205,0.25292113724082205,0.1973854791670685,0.16617466924545005,0.17693457765786974,0.12786790030269446,0.1486525525451021,0.12761354549436071
z-score,3.3665294727442543,1.7223584014978097,5.84429594135997,-3.5827186481969613,1.8117266772380067,-2.2442329361672884,0.19253835242058817,-1.4476748678204596,0.06315187687411611,-1.117191594755323,0.3930962221162025
2.5CI,0.30291644848486443,-0.06560886160163865,0.748303443901157,-0.5247534833781937,-0.019424599713712295,-0.8319059244843072,-0.2959716283501478,-0.6033456599852624,-0.24261923217401032,-0.46674909564379713,-0.19879386939565022
97.5CI,1.1446854015044619,1.017469488621171,1.5033602860897153,-0.15363843071832997,0.9720080401281344,-0.058169064007036586,0.3554211053777277,0.09022513967319748,0.25861372657006837,0.11595820275289888,0.30144203682117104
