coef,X.Intercept.,SexM,Age,I.Age.2.,mix_60_250,pasture_30,BBA_15,lag_beechnuts,BBA_15.lag_beechnuts
param_est,0.6617787389475016,0.4427343517267951,1.1240028232478882,-0.36372318150920707,0.3981956466075819,-0.24957748168809407,0.13147288761767667,0.0033743177607739104,-0.0742368156470342
std_error,0.2009370532281968,0.27282546878678693,0.19066791960584226,0.09462884872056643,0.14724901453428266,0.15385746116075752,0.17087525239509882,0.1280495954028966,0.13130924160554674
z-score,3.2940596005953715,1.6218521232883336,5.8937195892198,-3.8435704966783106,2.7028047233912043,-1.613512065963883,0.7718286950310231,0.02741692976996642,-0.5697924708256984
2.5CI,0.26794935146062815,-0.0919937411605638,0.750300567813259,-0.5491923169000064,0.10959288136137299,-0.5511325643159489,-0.2034364529259086,-0.247598277463829,-0.3315982000311742
97.5CI,1.055608126434375,0.977462444614154,1.4977050786825172,-0.17825404611840773,0.6867984118537909,0.051977600939760754,0.4663822281612619,0.2543469129853768,0.18312456873710578
