coef,X.Intercept.,SexM,Age,wui_60_100,pasture_60,laggedBMI_30,ai_60
param_est,0.29185041958669494,0.47341148894341284,0.6985277233595674,0.16938461814113495,0.05745482150903923,-0.05820624017841606,0.17400810858127067
std_error,0.17479392957972276,0.26127058983066126,0.14718341739839522,0.14461050095895966,0.15682773612131667,0.13583990611332575,0.16332929074395816
2.5CI,-0.05073938710579197,-0.03866945734422008,0.4100535261371868,-0.11404675552472084,-0.24992189306569268,-0.32444756382383677,-0.14611141889735846
97.5CI,0.6344402262791818,0.9854924352310457,0.9870019205819478,0.4528159918069907,0.36483153608377117,0.20803508346700467,0.4941276360598998
