coef,X.Intercept.,SexM,Age,wui_60_100,pasture_60,laggedBMI_30
param_est,0.2826587113797034,0.46506181606277497,0.6947838781671064,0.13821653810791196,-0.007032288180999986,-0.013861414377888922
std_error,0.17234829404181629,0.2595169285927245,0.14680121915828545,0.1415075841299966,0.1455932126036364,0.12901580753775904
z-score,1.6398403859803379,1.7921379292462076,4.732471989477638,0.9687212182591441,-0.038086571075951356,-0.1081734650483226
2.5CI,-0.05513773773917563,-0.04358201735741794,0.4070587757302956,-0.13913323032615302,-0.2923897412776103,-0.2667277505882478
97.5CI,0.6204551604985824,0.9737056494829679,0.9825089806039171,0.41556630654197696,0.2783251649156103,0.23900492183246996
