coef,X.Intercept.,SexM,Age,totalag_60,mix_15_100,laggedBMI_30,SexM.Age
param_est,1.5095479219512002,0.6215470753381286,0.24420138458423238,-0.17938720425968693,-0.8668391079519406,0.2502690134919106,0.07840823463890645
std_error,0.3529643799244403,0.18422514792530512,0.1043446169856907,0.11828219331445546,0.28193821099754607,0.14231964890973822,0.21985919144154956
2.5CI,0.8177504494737851,0.26047242035796675,0.03968969331165227,-0.4112160431684239,-1.4194278473727855,-0.028672372663561412,-0.3525078622566275
97.5CI,2.2013453944286154,0.9826217303182904,0.44871307585681247,0.05244163464905005,-0.3142503685310959,0.5292103996473826,0.5093243315344403
