coef,X.Intercept.,SexM,catAgejuvenile,catAgesubadult,pasture_30,mix_30_100,laggedBMI_30,SexM.catAgejuvenile,SexM.catAgesubadult
param_est,-0.31988861054092227,0.7343171693894126,-0.2775135903261003,-0.9099860850413002,-0.04698493562283464,0.651899590067362,0.08319829968923065,-0.9168525577007306,0.7694158129140078
std_error,0.47324575926077805,0.5153964187042241,0.3643567506177576,0.8482769211654995,0.1532134028925777,0.4189626244521769,0.25514883608165284,0.6096909778627707,1.1855819937705687
2.5CI,NA,-1.2474332545283597,-0.2758412490317924,-0.9916396990609471,-2.5725782994422013,-0.3472776872411118,-0.1692520647272848,-0.4168842297281226,-2.1118249160107685
97.5CI,NA,0.6076560334465153,1.7444755878106175,0.4366125184087465,0.752606129359601,0.25330781599544255,1.4730512448620088,0.5832808291065839,0.2781198006093072
P-value,3.8315997513080965e-4,6.486438368330002e-14,1.0251468846139348e-11,4.973752730983203e-15,0.055711719961718253,2.178904385039229e-5,0.07859561982957455,2.229805194768484e-15,9.240696115308902e-14
