coef,X.Intercept.,SexM,Age,wui_60_100,pasture_60,laggedBMI_30,ai_60
param_est,0.9108150002048151,0.6395905107834452,0.5406394364707223,0.08139554912746431,-0.15838867206076002,0.11140988718870568,-0.07435368823429328
std_error,0.16143273279301606,0.2910885595953838,0.15900686633630162,0.14674784605241387,0.15301577133081223,0.14879319593007398,0.16933338733039857
2.5CI,0.5944126580046256,0.06906741766485186,0.22899170515699696,-0.20622494394409513,-0.45829407293576846,-0.180219417978851,-0.4062410287820455
97.5CI,1.2272173424050048,1.2101136039020386,0.8522871677844478,0.36901604219902373,0.14151672881424845,0.40303919235626234,0.2575336523134589
