coef,X.Intercept.,SexM,Age,I.Age.2.,wui_60_100,pasture_60,laggedBMI_30
param_est,1.2866356502930965,0.6539263188486995,0.9192381361548663,-0.33724076619615734,0.10880946831209652,-0.14538759480721644,0.11557215670447564
std_error,0.2079609335395499,0.29984797594295765,0.19682638932984378,0.09542959412426212,0.14869021657494869,0.1429446106245726,0.14605530134593345
z-score,6.186972113443444,2.1808968499810257,4.669938162760727,-3.533860015055639,0.7095708335784595,-1.0201430156913363,0.7942640108269635
2.5CI,0.879039710364251,0.06623508516327004,0.5334655018613138,-0.5242793337389862,-0.1826180010282634,-0.42555388341548017,-0.17069097368469832
97.5CI,1.694231590221942,1.2416175525341289,1.3050107704484188,-0.15020219865332846,0.40023693765245644,0.13477869380104734,0.4018352870936496
