coef,Intercept,SexM,Age,I.Age.2.,mix_15_100,pasture_15,BBA_15,lag_beechnuts,BBA_15.lag_beechnuts
param_est,0.6558831855750491,0.4733005746618894,1.108575214890395,-0.35348499568564784,0.3507909070349085,-0.22773713262957387,0.1018148285346533,0.0022176629928512943,-0.07117934108892511
std_error,0.20246670503921924,0.2777552432569709,0.19217913362359945,0.09447546869573456,0.14738164490953537,0.15364489754699542,0.17093974412410537,0.12887166177435147,0.13211987202431424
z-score,3.2403879606748878,1.70348398576523,5.767578470113461,-3.7413487272832717,2.3745777731184314,-1.4779034503291952,0.6024214102820783,0.018123711468249846,-0.5432732380348787
2.5CI,0.6341793615817617,0.4434384288933491,1.087767338052365,-0.36361317833009815,0.3322579973066953,-0.24557170834640102,0.08053886873936894,-0.01165472853150371,-0.08771234045064026
97.5CI,0.6775870095683365,0.5031627204304298,1.1293830917284249,-0.34335681304119753,0.3693238167631217,-0.20990255691274673,0.12309078832993767,0.016090054517206298,-0.05464634172720996
2.5CIavg,0.2590557356296852,-0.07108969863893506,0.7319110344080295,-0.5386535117518289,0.06192819102994827,-0.5288755982300314,-0.23322091347508547,-0.25036615271270474,-0.33012953189862204
97.5CIavg,1.052710635520413,1.0176908479627138,1.4852393953727603,-0.16831647961946683,0.6396536230398688,0.0734013329708836,0.4368505705443921,0.2548014786984073,0.18777084972077182
