coef,X0.1,X1.2,X2.3.,SexM,catAgejuvenile,catAgesubadult,pasture_60,mix_60_500,I.mix_60_500.2.,SexM.catAgejuvenile,SexM.catAgesubadult
param_est,-2.406566803989542,-1.1327964556824186,0.6591863028415228,0.4805195056480601,-1.079853528866265,-0.2945622960695991,-0.14461298443498122,0.40130415517919943,-0.1875779463953933,-0.1644734068914047,0.6022120766193317
std_error,0.4610187169576848,0.437407761331491,0.42447386883445704,0.4708456165871238,0.3051626923401605,0.553363633877254,0.1305599260569181,0.18958810272312224,0.09020054369569724,0.5333280133030217,0.9659434716708293
2.5CI,-3.310146885425469,-1.9900999144504325,-0.17276719245239164,-0.4423209451412575,-1.6779614152782565,-1.379135088823225,-0.4005057373307532,0.029718301944599745,-0.3643677634248913,-1.2097771049116257,-1.291002338957079
97.5CI,-1.5029867225536149,-0.2754929969144047,1.4911397981354373,1.4033599564373778,-0.4817456424542735,0.7900104966840269,0.1112797684607908,0.7728900084137991,-0.010788129365895313,0.8808302911288164,2.4954264921957425
