coef,X0.1,X1.2,X2.3.,SexM,catAgejuvenile,catAgesubadult,pasture_30,mix_30_100,laggedBMI_30,SexM.catAgejuvenile,SexM.catAgesubadult
param_est,-2.4555348571738094,-1.171357236515258,0.6112376574925084,0.6212563236795188,-1.5371098649002262,-0.07297772553304246,-0.00198073754212801,0.4400242580959614,0.10098763472729694,-0.2639718842089233,-0.47641949461816224
std_error,0.4480761202804156,0.43164258781953335,0.42891449086971817,0.3954204795365077,0.306859393766826,0.30386089618711387,0.11094626293049019,0.34223163517254845,0.21003285440485037,0.5261411359909984,0.5449404402803911
2.5CI,-3.3337479152558607,-2.0173611628352104,-0.22941929705947298,-0.15375357496159356,-2.138543225001,-0.6685341383698498,-0.2194314171052,-0.2307374212124846,-0.3106691954763545,-1.2951895615362707,-1.5444831312871288
97.5CI,-1.5773217990917576,-0.32535331019530533,1.4518946120444896,1.3962662223206312,-0.9356765047994526,0.5225786873037649,0.215469942020944,1.1107859374044073,0.5126444649309484,0.7672457931184241,0.5916441420508043
P-value,8.006544459513501e-14,5.171865057355745e-11,9.724071814133388e-9,3.768120507038565e-15,2.0676637142215556e-22,1.3328102835395115e-8,0.9049916467837832,4.44687884829596e-6,0.0035572096274172427,1.1463522690340987e-12,1.2464748144700736e-12
