RE,variance
RE_WMU,0.01630022388950626
RE_year,0.02353267320826735
