RE,variance
RE_WMU,0.2150109471689268
RE_year,0.2061215275913107
