coef,X0.1,X1.2.,SexM,catAgejuvenile,catAgesubadult,crops_60,I.crops_60.2.,mix_60_100,I.mix_60_100.2.,baa_60,laggedBMI,baa_60.laggedBMI
param_est,-0.6519135109981197,0.6722237859272552,0.5138090352306589,-1.0168649423938774,-0.120923936154305,-0.3777406696538138,0.07223846551066693,-1.1581962321989077,-1.4311387115997787,0.05586486875224467,0.16670629132589238,0.17553854910704902
std_error,0.4005424840574684,0.4015573770832231,0.23679047024178004,0.2485175263154793,0.4519912844123469,0.23287096621807588,0.05771092178655765,0.9447249594359215,0.8833315212653255,0.15490113359708368,0.14482372321918963,0.11186131171451116
2.5CI,-1.4369623540289664,-0.11481421088223158,0.049708241674466705,-1.5039503434992016,-1.006810574928505,-0.834159376486286,-0.040872862705594,-3.009823127989377,-3.1624366796887933,-0.24773577426246662,-0.11714299029071641,-0.04370559311680127
97.5CI,0.13313533203272704,1.459261782736742,0.9779098287868512,-0.5297795412885529,0.7649627026198951,0.0786780371786584,0.18534979372692784,0.6934306635915616,0.3001592564892359,0.35946551176695596,0.4505555729425012,0.39478269133089927
P-value,1.619969211451571e-5,1.4314957072221636e-5,2.4813875664049315e-13,7.338969185162929e-16,1.0195516671109563e-6,3.7921482822369174e-5,6.907975895552937e-4,0.006831027114101809,9.751495053706562e-4,0.03879057594277704,5.031424504354162e-10,1.6531402030235867e-7
