coef,Intercept,SexM,Age,wui_60_100,pasture_60,laggedBMI_30
param_est,0.4882785977485444,0.219862615695329,0.15958401502638606,0.0373707065526603,0.019882775385441722,0.056528830788021595
std_error,0.05081454705971921,0.07451720973375266,0.03542786740102134,0.040001527585458524,0.040283175461878144,0.03704245918849231
z-score,9.609355779026545,2.9505163940107146,4.50434870543193,0.9314992832209751,0.49355639772018883,1.5291728488669125
2.5CI,0.38868391562077903,0.07381156838875626,0.09014667087132358,-0.04103084684142385,-0.05907079770274708,-0.016073055120218116
97.5CI,0.5878732798763097,0.3659136630019017,0.22902135918144853,0.11577225994674446,0.09883634847363051,0.1291307166962613
