coef,X0.1,X1.2,X2.3,SexM,Age,crops_60,I.crops_60.2.,mix_60_100,I.mix_60_100.2.,baa_60,I.baa_60.2.,fyear2019,fyear2020,SexM.Age,baa_60.fyear2019,baa_60.fyear2020,I.baa_60.2..fyear2019,I.baa_60.2..fyear2020
param_est,0.9028146986392079,2.2642963254131443,4.272153802202828,0.24241813767347486,0.31494478346687516,-0.3521866367286106,0.05906833629781895,0.3079977349406515,-0.13094103617842934,0.006991235840114172,-0.029293157557714486,0.10109970489762299,0.7520507876977662,0.17356600511028006,-0.29393085200192937,0.30692911547474117,0.24701405039334978,0.03910054074330123
std_error,0.31698017634799003,0.33592249729436735,0.40895951167915573,0.3589315780544243,0.07581540258852366,0.21924945245079766,0.052989120625064064,0.16592753690769713,0.07523820580146658,0.32442030985909803,0.18438088832772517,0.3579551728873969,0.33099810370922605,0.15732585458336495,0.4177936799483721,0.4117555222492705,0.2305968650151328,0.22632558622551266
2.5CI,0.2815449691839925,1.6059003291194307,3.470607888176595,-0.4610748282273239,0.16634932491996401,-0.781907667162301,-0.044788431699755146,-0.01721426144187537,-0.2784052098107163,-0.6288608873370425,-0.39067305811755737,-0.6004795420414832,0.10330642547662958,-0.13478700371010094,-1.1127914176691927,-0.5000968785693097,-0.2049474999841548,-0.40448945703861805
97.5CI,1.5240844280944232,2.9226923217068577,5.0736997162290605,0.9459111035742737,0.4635402420137863,0.07753439370507981,0.16292510429539303,0.6332097313231784,0.016523137453857674,0.6428433590172709,0.3320867430021284,0.8026789518367292,1.4007951499189029,0.48191901393066106,0.5249297136653339,1.113955109518792,0.6989756007708543,0.4826905385252205
p-value,0.006700337907884054,1.77319211983074e-10,1.2597957203043425e-23,0.5001431407558034,4.170893173239996e-5,0.17483928116431216,0.3423007012427796,0.09682189184410579,0.17470487378670577,0.8608267102549472,0.7464968081243496,0.7200189865171258,0.029985539684585897,0.27221489645423014,0.49504876097588724,0.4566977505493686,0.329133268327239,0.7294102176903396
