coef,Intercept,SexM,Age,I.Age.2.,wui_60_100,pasture_60,laggedBMI_30
param_est,0.6044352803724587,0.2133207167132604,0.31243693722256993,-0.13018381177908098,0.039544806488466255,0.013959830283742706,0.06449472020343934
std_error,0.0562964087851178,0.07221602117216128,0.04893068781645798,0.032243702804758655,0.03887847291789379,0.039090192390284974,0.035912459183249076
z-score,10.736774099493816,2.9539642662746535,6.3853732410702975,-4.037459372870203,1.0138875914946515,0.35738573006540625,1.7990662458815074
2.5CI,0.4940963466946836,0.07177991610904229,0.21653455136353952,-0.19338030800462105,-0.03665560020452142,-0.06265553894995751,-0.005892406391993553
97.5CI,0.714774214050234,0.3548615173174785,0.40833932308160037,-0.0669873155535409,0.11574521318145393,0.09057519951744292,0.13488184679887225
