coef,X0.1,X1.2,X2.3.,SexM,catAgejuvenile,catAgesubadult,pasture_30,mix_30_100,laggedBMI_30,SexM.catAgejuvenile,SexM.catAgesubadult
param_est,-2.6934328708426793,-1.353210759580144,0.5185967506404036,0.6923394440289892,-1.7819942800230295,-0.22162615943847844,-0.04389792631935377,0.4290840214381863,0.13268962658766015,-0.20945380901186678,-0.45120371790224456
std_error,0.4899254292277727,0.4684341541933927,0.46006578973914636,0.41226070981361573,0.3388934857723111,0.3232339580564812,0.12480703908115075,0.36964010219589966,0.2223724803250498,0.545031005712042,0.5606175024387927
2.5CI,-3.653669067239441,-2.271324830927676,-0.3831156277673003,-0.11567669944661588,-2.4462133067319964,-0.8551530758095118,-0.28851522793549217,-0.29539726610748185,-0.30315242600227915,-1.2776949506651134,-1.5499938317850739
97.5CI,-1.7331966744459182,-0.43509668823261205,1.4203091290481074,1.5003555875045942,-1.1177752533140626,0.41190075693255496,0.20071937529678463,1.1535653089838545,0.5685316791775995,0.8587873326413799,0.6475863959805848
P-value,2.220472551509048e-14,8.778421444643378e-12,2.4692306959146756e-8,1.4242328012557467e-13,3.200717291378275e-21,1.0509937010115878e-12,0.03473053117861666,3.3814583619947083e-6,7.161277005566945e-4,1.1306536292712498e-9,1.6970910976377196e-12
