coef,Intercept,SexM,Age,totalag_60,mix_15_100,laggedBMI_30,SexM.Age
param_est,0.5340908688371243,0.15027386677549232,0.1474008112554618,-0.028796341747535995,0.09261737927585198,0.012767483968246401,0.06117742877408955
std_error,0.1286093831824257,0.07826454886034409,0.0422992079394689,0.046302063938296154,0.10708317298340334,0.07329697566798508,0.07716407156069942
2.5CI,0.2820211097256587,-0.003121830257057401,0.06449588711953207,-0.11954671947646725,-0.11726178312189105,-0.130891948516713,-0.09006137238535272
97.5CI,0.78616062794859,0.303669563808042,0.23030573539139154,0.06195403598139527,0.302496541673595,0.1564269164532058,0.21241622993353182
