coef,X0.1,X1.2.,SexM,catAgejuvenile,catAgesubadult,baa_60,laggedBMI,baa_60.laggedBMI
param_est,-0.6712945459299421,0.6283124140796988,0.5333645134939403,-0.9854508668746036,-0.11896475462158183,-0.011716250656382597,0.17888650579580104,0.174769775687737
std_error,0.21857479535252833,0.21828873340108576,0.22802905723914302,0.23757050024724916,0.44326370281100663,0.12258234083067861,0.10718000338413915,0.11125921654200811
2.5CI,-1.0996932727491102,0.20047435838270528,0.08643577387659765,-1.451080491148376,-0.9877456477850205,-0.2519732238251263,-0.031182440699992743,-0.04329428168274189
97.5CI,-0.24289581911077393,1.0561504697766924,0.980293253111283,-0.5198212426008314,0.7498161385418568,0.22854072251236116,0.38895545229159484,0.39283383305821584
