coef,Intercept,SexM,Age,I.Age.2.,wui_60_100,pasture_60,ai_60,BBA_30,year2019,year2020,BBA_30.year2019,BBA_30.year2020
param_est,0.31152831541063714,0.13366817354814742,0.342062785195529,-0.12897269451755697,0.018338126564566307,0.0160977434771746,0.08222415853517252,-0.12390123246570513,0.3393698739457619,0.48309205887737217,0.02847376298350457,0.097918502695471
std_error,0.08079448481015582,0.0701750701853062,0.04736408831795145,0.030377548234218957,0.04007522491288748,0.04179488268174072,0.051980186136490455,0.08169373995679541,0.09575054673163413,0.08887695957474517,0.09291097916330313,0.08942107284679707
z-score,3.8559279101375425,1.9046640769274303,7.222068410838384,-4.245804685645192,0.456359397984199,0.3849701425214587,1.5789547331780913,-1.504752221711233,3.5442894766195585,5.435491533361455,0.30159872772992713,1.0887047792484235
2.5CI,0.15317403503326332,-0.003872436627623238,0.24923087793176987,-0.1885115949952544,-0.06020787093703547,-0.06581872131711401,-0.019655134202036965,-0.28401802054340486,0.15170225085173966,0.30889641905544934,-0.15362840994492094,-0.07734357954318377
97.5CI,0.46988259578801095,0.2712087837239181,0.43489469245928813,-0.0694337940398595,0.09688412406616809,0.09801420827146322,0.184103451272382,0.0362155556119946,0.5270374970397842,0.657287698699295,0.21057593591193008,0.2731805849341258
