coef,X0.1,X1.2,X2.3,X3.4,X4.5,SexM,Age,pasture_60,mix_60_500,I.mix_60_500.2.,baa_60,I.baa_60.2.,fyear2019,fyear2020,SexM.Age,baa_60.fyear2019,baa_60.fyear2020,I.baa_60.2..fyear2019,I.baa_60.2..fyear2020
param_est,-1.1908571353462354,0.10609657401801131,1.9227143402390232,3.8338196774522095,5.423133570833973,0.4522860896934908,0.5261296094004444,-0.11665703721045301,0.14673959037526801,-0.23150224145666012,0.04501772219862471,0.004185372973767341,0.6776952412050777,1.288901943448911,0.2948122719614849,-0.34406248467459255,0.07592674817207451,0.2325897579020035,-0.07586286389325586
std_error,0.30131729882288794,0.2887184783040296,0.30906855522073323,0.3831729560346508,0.5862548473142677,0.2368130072587435,0.1333793559115129,0.1301055887275474,0.1438867172030531,0.10445269860150612,0.346845094515109,0.1824294576484524,0.3789272078999318,0.33669843820619033,0.2545498791416934,0.4281964214337218,0.40956316979958135,0.23201084135882646,0.21983404819319569
2.5CI,-1.7814281889579888,-0.4597812451290956,1.3169511032525572,3.0828144837745444,4.27409518433598,-0.011858875604268671,0.26471087553272965,-0.3716593053038263,-0.13527319319641581,-0.43622576880362934,-0.6347861712653798,-0.35336979373637434,-0.06498843904110982,0.6289851309138932,-0.20409632342525763,-1.183312048993622,-0.7268023140291675,-0.22214313518413228,-0.5067296809275619
97.5CI,-0.6002860817344817,0.6719743931651182,2.5284775772254893,4.584824871129875,6.572171957331966,0.9164310549912503,0.7875483432681593,0.1383452308829203,0.42875237394695187,-0.026778714109690908,0.7248216156626293,0.36174053968390907,1.4203789214512654,1.948818755983929,0.7937208673482273,0.49518707964443687,0.8786558103733165,0.6873226509881393,0.3550039531410501
