"colMeans(m_ranef[sapply(m_ranef, is.numeric)])"
0.27171590593428246
0.2436271412341661
