coef,Intercept,SexM,Age,I.Age.2.,mix_30_250,pasture_30,BBA_15,lag_beechnuts,BBA_15.lag_beechnuts
param_est,0.5967625235494352,0.21109493359312592,0.32061823350426183,-0.1357699770102811,0.11816201877890352,-0.02216556657247525,0.06154891137102978,0.07813738594825993,-0.0035883796779597778
std_error,0.05287324676855651,0.07122809469348168,0.04792272500041727,0.03185241539836202,0.03693337675325281,0.042505603821241494,0.0421401684153435,0.03483283166791101,0.03492834842006949
z-score,11.289793225050873,2.963577183619158,6.690573751065944,-4.262314168724096,3.2131408055390853,-0.5152356760687963,1.4590078452693904,2.2437209694525366,-0.11452607667820362
2.5CI,0.4931328641373657,0.07149043330649334,0.22669141846242674,-0.19819956401167968,0.04577393051507915,-0.10547501920323667,-0.021044301025495784,0.009866290399608105,-0.07204668462076247
97.5CI,0.7003921829615047,0.3506994338797585,0.4145450485460969,-0.07334039000888251,0.1905501070427279,0.06114388605828616,0.14414212376755534,0.14640848149691177,0.0648699252648429
