coef,Intercept,SexM,Age,I.Age.2.,mix_15_100,pasture_15,BBA_15,lag_beechnuts,BBA_15.lag_beechnuts
param_est,0.5694872558170806,0.18284965119897237,0.3279981911226846,-0.13482253783565953,0.10147578685281128,-0.023116249294925312,0.04129608714286957,0.06133739387217947,-0.009020984505777116
std_error,0.0030348312650935825,0.005312177932663421,0.0023626627579743237,0.0010348241916181002,0.0016197967464002564,0.0025264246118580453,0.002148667569880962,0.0012555541423699466,0.001599361014365027
z-score,10.494863914325238,2.5205347267641236,6.7977161017849035,-4.227476693098505,2.8430034034261893,-0.5254208536757218,0.9580998039218568,1.7376069274704709,-0.2651847389218339
2.5CI,0.5636141882668428,0.17507941844825284,0.32281617703803817,-0.1382520394186957,0.09718508851205203,-0.028474843782143336,0.0363543193374415,0.05755979844662151,-0.013284530711794152
97.5CI,0.5753603233673183,0.1906198839496919,0.333180205207331,-0.13139303625262336,0.10576648519357053,-0.017757654807707288,0.046237854948297644,0.06511498929773743,-0.004757438299760079
2.5CIavg,0.46312107288972837,0.04065611115841991,0.23342477978573697,-0.19732292169230498,0.031101775139966283,-0.10830948122678127,-0.04338227109327565,-0.007856874515576266,-0.07868992671891334
97.5CIavg,0.6758534387444327,0.3250431912395248,0.42257160245963216,-0.0723221539790141,0.17184979856565627,0.06207698263693064,0.1259744453790148,0.1305316622599352,0.060647957707359104
