coef,X.Intercept.,SexM,catAgejuvenile,catAgesubadult,baa_60,I.baa_60.2.,laggedBMI,pasture_60,I.pasture_60.2.,mix_60_100,I.mix_60_100.2.,baa_60.laggedBMI
param_est,1.0494859970097152,0.39106659852644016,-1.0175628473810312,-0.0505120778166818,-0.03350903966454391,0.10183669899689496,0.061064447564811615,-0.05557577406644814,-0.014207611236480355,-0.31388323838202953,-1.0776306239068094,0.17321329889716924
std_error,0.41808268398966536,0.24963611375197517,0.26782164413297155,0.532960617471893,0.20948947373125457,0.09865780026956812,0.11801079075987597,0.1839394665688925,0.11588536751418496,1.0003447405956358,0.9467244236877147,0.12026653478652909
2.5CI,0.23264224789298862,-0.09517068169381307,-1.5532770542379088,-1.0695580300847765,-0.44590291376299507,-0.0903808839823296,-0.1702584949089242,-0.4172555468410531,-0.24914672797160722,-2.322480769434977,-2.965287841529481,-0.059156866640591145
97.5CI,1.8854324165665515,0.8851605583049091,-0.5009162700635895,1.0440613964617476,0.37791626059394673,0.29862921783849916,0.293210230082973,0.30552940498565456,0.212491284795671,1.7084700922164113,0.7992170470717745,0.41603866462201544
