RE,variance
RE_WMU,0.017738280857376783
RE_year,0.023844947504174825
