coef,Intercept,SexM,Age,I.Age.2.,mix_60_250,pasture_30,BBA_15,lag_beechnuts,BBA_15.lag_beechnuts
param_est,0.5944005628892072,0.21396770217277206,0.3259709051541325,-0.13753731842599987,0.13627984929939418,-0.018690561962036854,0.06738875227491672,0.07573264330169466,-0.003912872764021843
std_error,0.05213229352872348,0.07076898732235842,0.047704964989428986,0.031692346610663946,0.036353998581882485,0.04194516167420574,0.04134710549527747,0.034640995298585775,0.034783881603792935
z-score,11.405574028501833,3.023310410936561,6.833522262136985,-4.340023392227239,3.7614732013226706,-0.4380257714338489,1.6254593015665695,2.186405645921982,-0.12217614533670841
2.5CI,0.49222314514143867,0.07526303579857789,0.23247089189110756,-0.19965317636846122,0.06502732138488435,-0.1009015681691899,-0.01365008536080525,0.00783754012784522,-0.07208802794996132
97.5CI,0.6965779806369757,0.3526723685469662,0.4194709184171575,-0.07542146048353848,0.20753237721390405,0.06352044424511619,0.1484275899106387,0.1436277464755441,0.06426228242191763
