coef,X0.1,X1.2,X2.3,SexM,Age,baa_15,I.baa_15.2.,wui_60_100,I.wui_60_100.2.,crops_60,I.crops_60.2.,Age.SexM,baa_30,I.baa_30.2.,baa_60,I.baa_60.2.
coef_mean,0.6255815894790168,1.9562963387526795,3.9136791158097477,0.40031622555711543,0.3046526586153575,0.005058418265466152,0.039015532065673576,0.37384048376447176,-0.1505932392291774,-0.48749253619312455,0.07813555370142311,0.1857509319113927,0.002751011646648187,0.0336352349202972,0.002605894691797124,0.026813948029932092
2.5CI,0.1393034808053868,1.4292471630908399,3.2242219961605803,-0.31952180091774285,0.1525399370336341,-0.2104797497394747,-0.09783969001613427,0.051624003607660604,-0.33987233548312423,-0.9222975197677591,-0.023982849663216718,-0.13093078648036624,-0.20395836532655823,-0.09597348923368673,-0.18898405761652926,-0.09145438480676464
97.5CI,1.1193828986875884,2.492012142051916,4.614449483183066,1.1220334712719882,0.45952914195183925,0.22059658627040699,0.1758707541474814,0.6991010567564562,0.039110018085381976,-0.04548567664327614,0.1852057590431612,0.5012729504657734,0.2094603886198546,0.16324395907428113,0.1941958470001235,0.14508228086662883
