coef,Intercept,SexM,Age,I.Age.2.,wui_60_100,pasture_60,BBA_60,lag_beechnuts,BBA_60.lag_beechnuts
param_est,0.5992633818574156,0.20463159087614388,0.31524627350103523,-0.1287572415898004,0.010666347101746127,-0.019182778298107654,-0.043783917755047023,0.09021384295624946,0.029723893579312655
std_error,0.05495271016182514,0.07182369660308979,0.048805405542640776,0.031857707390751624,0.0411811287407713,0.04154877862966103,0.04524011161149747,0.03539901480614467,0.03563999938111571
z-score,10.905188427857839,2.8490376725327073,6.459251854960149,-4.0415852164830355,0.2576373190345887,-0.46124586392209777,-0.9659719400806783,2.5483413030535167,0.8330524654335625
2.5CI,0.49155804908737005,0.06385973229755611,0.2195894363865878,-0.19119720070568907,-0.07004718207287292,-0.10061688801387073,-0.13245290717015434,0.020833048848005797,-0.04012922161670393
97.5CI,0.706968714627461,0.34540344945473167,0.4109031106154827,-0.06631728247391173,0.09137987627636518,0.06225133141765542,0.044885071660060304,0.15959463706449312,0.09957700877532924
