coef,Intercept,SexM,Age,I.Age.2.,nbuildings_60,dcad_15,pasture_60,BBA_15,lag_beechnuts,nbuildings_60.dcad_15,BBA_15.lag_beechnuts
param_est,0.6166379486436618,0.19727591926617705,0.3186845071251379,-0.13055275671286512,0.05045332829037276,-0.06538543806334009,-0.005082469158041159,-0.0696398230445581,0.08488841981934048,-0.03480307121702776,0.038035562793915255
std_error,0.05638990885853021,0.07165361208418752,0.0486051794818724,0.031782537033983,0.04430746421140574,0.052014236436167496,0.04313873341904514,0.04859419868295836,0.035325102490560964,0.03416933875373709,0.036292358030623584
z-score,10.936161201084609,2.7532550895943273,6.556661999681574,-4.107622462570329,1.1855003403691442,-1.2363108555622317,-0.11744156620465858,-1.4331825712114088,2.402847377090418,-1.0116338744053346,1.04466681178553
2.5CI,0.5061157581894465,0.05683742021896551,0.2234201058785628,-0.19284538463678227,-0.03638770581027985,-0.16733146816157937,-0.08963283299804403,-0.1648827023207402,0.015652491187654848,-0.10177374454990117,-0.03309615186013995
97.5CI,0.7271601390978771,0.33771441831338855,0.413948908371713,-0.068260128788948,0.13729436239102535,0.03656059203489921,0.07946789468196172,0.025603056231623993,0.15412434845102613,0.032167602115845656,0.10916727744797047
