coef,X0.1,X1.2,X2.3,X3.4,X4.5,SexM,Age,baa_60,laggedBMI,I.baa_60.2.,mix_60_500,I.mix_60_500.2.,totalag_60,Age.SexM,baa_60.laggedBMI,I.baa_60.2..laggedBMI,I.totalag_60.2.
coef_mean,-1.8678475650112505,-0.6167915060122272,1.1214662083494111,2.9990655746905763,4.586714811209396,0.6240863522949278,0.4635616595239307,-0.3399101476631683,0.24347530821932584,0.14298953569905165,0.034338537521895814,-0.22132248347586073,-0.16403238792177172,0.2949024217934056,0.21093833762758996,-0.10058579402804943,-0.017519600740401365
2.5CI,-2.5607717443349145,-1.2777174369396977,0.4565227264575546,2.217739152705504,3.420889311852703,0.1775001678689582,0.21485571213152635,-0.7453255529232394,-0.03609762676195412,-0.03512898569257785,-0.2713113757322276,-0.41959490389327314,-0.46215408123414686,-0.1792786794391592,-0.11361376385381616,-0.27099671333687136,-0.14177924500043143
97.5CI,-1.1749233856875865,0.044134424915243255,1.7864096902412678,3.780391996675649,5.75254031056609,1.0706725367208973,0.7122676069163351,0.06550525759690293,0.5230482432006058,0.3211080570906812,0.3399884507760192,-0.023050063058448325,0.13408930539060343,0.7690835230259704,0.5354904391089961,0.06982512528077252,0.1067400435196287
