"colMeans(m_ranef[sapply(m_ranef, is.numeric)])"
0.2717167874601119
0.24362632345016777
