coef,X0.1,X1.2,X2.3.,SexM,catAgejuvenile,catAgesubadult,pasture_30,mix_30_100,laggedBMI_30,SexM.catAgejuvenile,SexM.catAgesubadult
param_est,-2.693433800431049,-1.3532116051432241,0.5185966580331817,0.6923407698165216,-1.7819940459474015,-0.22162701295431186,-0.04389792912656137,0.42908428129317144,0.13269045543785601,-0.2094549377595692,-0.4512022730783619
std_error,0.489925163477767,0.46843385160524753,0.4600654322739486,0.4122607752725462,0.3388934928714784,0.3232340336160154,0.12480706321981919,0.36964011452821743,0.22237246794986074,0.5450309974496963,0.5606177468574846
2.5CI,-3.6536694759673707,-2.271325083428889,-0.3831150197556087,-0.11567550195622966,-2.4462130865704808,-0.8551540774193109,-0.28851527805362054,-0.29539703042339543,-0.3031515728971584,-1.2776960632189158,-1.5499928660130244
97.5CI,-1.733198124894728,-0.435098126857559,1.4203083358219721,1.5003570415892729,-1.1177750053243223,0.4119000515106872,0.20071941980049782,1.1535655930097384,0.5685324837728705,0.8587861876997774,0.6475883198563006
P-value,2.220406153558725e-14,8.778173529582187e-12,2.469232914200281e-8,1.4241358633218415e-13,3.2009557050780995e-21,1.0507011930510752e-12,0.034730628598142514,3.381458355142869e-6,7.160107215661555e-4,1.1303709274899714e-9,1.6963711204046171e-12
