coef,X0.1,X1.2.,SexM,pasture_30,mix_30_100,laggedBMI_30
param_est,-1.6855363480271524,-0.12063165978788627,1.025666435311163,-0.10025990354254624,1.9373229601993158,0.3840705087705949
std_error,0.5860362127110612,0.5477453474392966,0.43752183868834227,0.2158133223179426,0.7076999052758364,0.3024481736043228
2.5CI,-2.8341462185770863,-1.194192813468286,0.1681393890322692,-0.5232462426696479,0.5502566339962689,-0.20871701868379547
97.5CI,-0.5369264774772184,0.9529294938925135,1.883193481590057,0.32272643558455544,3.3243892864023628,0.9768580362249852
P-value,4.80175925912343e-7,0.3302413081922877,5.516962712115397e-11,0.007413940552686726,2.5975203719333808e-6,2.017852855573836e-5
