"colMeans(m_ranef[sapply(m_ranef, is.numeric)])"
0.12123980751680663
1.4180637241046894e-11
