coef,X0.1,X1.2,X2.3.,SexM,pasture_30,mix_30_100,laggedBMI_30
param_est,-3.400318853302354,-1.839045216022598,0.009247829980041386,0.2594156666276729,-0.0815120248511496,1.4488079366517295,0.16624044566328713
std_error,0.6868764790040172,0.612099522841123,0.6007024252137675,0.408630034311578,0.21375647519853722,0.6830353808617191,0.3712098736198515
2.5CI,-4.74657201397791,-3.038738235745351,-1.1681072888648079,-0.5414844836243864,-0.5004670177025118,0.11008318999616151,-0.5613175373372868
97.5CI,-2.054065692626798,-0.6393521962998452,1.1866029488248906,1.0603158168797322,0.33744296800021256,2.7875326833072975,0.89379842866386106
P-value,1.13976565738087e-10,2.049597689587845e-8,0.9234269113917333,1.5236853435574e-7,0.039457889940924175,2.0821462717040103e-6,0.012044427503328917
